-- phpMyAdmin SQL Dump
-- version 5.2.0
-- https://www.phpmyadmin.net/
--
-- Host: 127.0.0.1
-- Generation Time: May 08, 2023 at 01:47 AM
-- Server version: 10.4.27-MariaDB
-- PHP Version: 8.2.0

SET SQL_MODE = "NO_AUTO_VALUE_ON_ZERO";
START TRANSACTION;
SET time_zone = "+00:00";


/*!40101 SET @OLD_CHARACTER_SET_CLIENT=@@CHARACTER_SET_CLIENT */;
/*!40101 SET @OLD_CHARACTER_SET_RESULTS=@@CHARACTER_SET_RESULTS */;
/*!40101 SET @OLD_COLLATION_CONNECTION=@@COLLATION_CONNECTION */;
/*!40101 SET NAMES utf8mb4 */;

--
-- Database: `sweemory`
--
CREATE DATABASE IF NOT EXISTS `sweemory` DEFAULT CHARACTER SET utf8mb4 COLLATE utf8mb4_general_ci;
USE `sweemory`;

-- --------------------------------------------------------

--
-- Table structure for table `category`
--

DROP TABLE IF EXISTS `category`;
CREATE TABLE `category` (
  `category_id` int(11) NOT NULL,
  `category_name` varchar(25) NOT NULL,
  `timestamp` timestamp NOT NULL DEFAULT current_timestamp() ON UPDATE current_timestamp()
) ENGINE=InnoDB DEFAULT CHARSET=utf8mb4 COLLATE=utf8mb4_general_ci;

--
-- Dumping data for table `category`
--

INSERT INTO `category` (`category_id`, `category_name`, `timestamp`) VALUES
(1, 'Powders', '2023-05-06 01:44:14'),
(2, 'Nuts and Seeds', '2023-05-06 01:44:31'),
(3, 'Fruits', '2023-05-06 01:44:54'),
(4, 'Dairy', '2023-05-06 01:45:13'),
(5, 'Vegetables', '2023-05-06 01:45:23'),
(6, 'Sweets', '2023-05-06 01:45:43'),
(7, 'Cereals', '2023-05-06 01:45:49'),
(8, 'Syrups', '2023-05-06 01:45:56'),
(9, 'Others', '2023-05-06 01:46:01'),
(10, 'Ice Cream', '2023-05-06 02:58:00');

-- --------------------------------------------------------

--
-- Table structure for table `ingredient`
--

DROP TABLE IF EXISTS `ingredient`;
CREATE TABLE `ingredient` (
  `ingredient_id` int(11) NOT NULL,
  `name` varchar(50) NOT NULL,
  `category` int(11) NOT NULL,
  `description` text NOT NULL,
  `picture` varchar(128) NOT NULL
) ENGINE=InnoDB DEFAULT CHARSET=utf8mb4 COLLATE=utf8mb4_general_ci;

--
-- Dumping data for table `ingredient`
--

INSERT INTO `ingredient` (`ingredient_id`, `name`, `category`, `description`, `picture`) VALUES
(1, 'Vanilla Powder', 1, 'Made from ground vanilla beans.', '6456c49a3df27.png'),
(2, 'Cacao Powder', 1, 'Extracted from cacao beans.', '6455b25479b36.jpg'),
(3, 'Salep Powder', 1, 'Orchid root powder.', '6455b2a6bb154.jpg'),
(4, 'Nescafe Instant Coffee', 1, 'Instant coffee.', '6455b2f14de09.jpg'),
(5, 'Pistachio', 2, 'The pistachio a member of the cashew family.', '6455b34777a11.jpg'),
(6, 'Almonds', 2, 'The almond is a tree nut native to the Mediterranean region.', '6455b3b428375.png'),
(7, 'Milk', 4, 'Milk is an emulsion or colloid of butterfat globules within a water-based fluid that contains dissolved carbohydrates and protein aggregates with minerals.', '6455b3eabd191.jpg'),
(8, 'Sugar', 1, 'Sugar is the generic name for sweet-tasting, soluble carbohydrates, many of which are used in food.', '6455b4305f11f.jpg');

-- --------------------------------------------------------

--
-- Table structure for table `ingredient_quantity`
--

DROP TABLE IF EXISTS `ingredient_quantity`;
CREATE TABLE `ingredient_quantity` (
  `iq_id` int(11) NOT NULL,
  `ingredient_id` int(11) NOT NULL,
  `arrival_date` date NOT NULL,
  `expired_date` date NOT NULL,
  `quantity` int(11) NOT NULL,
  `price` float NOT NULL
) ENGINE=InnoDB DEFAULT CHARSET=utf8mb4 COLLATE=utf8mb4_general_ci;

-- --------------------------------------------------------

--
-- Table structure for table `message`
--

DROP TABLE IF EXISTS `message`;
CREATE TABLE `message` (
  `message_id` int(11) NOT NULL,
  `receiver` int(11) NOT NULL,
  `sender` int(11) NOT NULL,
  `message` text NOT NULL,
  `timestamp` timestamp NOT NULL DEFAULT current_timestamp(),
  `receiver_full_name` varchar(50) NOT NULL,
  `sender_full_name` varchar(50) NOT NULL
) ENGINE=InnoDB DEFAULT CHARSET=utf8mb4 COLLATE=utf8mb4_general_ci;

-- --------------------------------------------------------

--
-- Table structure for table `notification`
--

DROP TABLE IF EXISTS `notification`;
CREATE TABLE `notification` (
  `notify_id` int(11) NOT NULL,
  `notify_type` varchar(10) NOT NULL,
  `message` text NOT NULL,
  `timestamp` timestamp NOT NULL DEFAULT current_timestamp()
) ENGINE=InnoDB DEFAULT CHARSET=utf8mb4 COLLATE=utf8mb4_general_ci;

-- --------------------------------------------------------

--
-- Table structure for table `product`
--

DROP TABLE IF EXISTS `product`;
CREATE TABLE `product` (
  `product_id` int(11) NOT NULL,
  `name` varchar(50) NOT NULL,
  `category` int(25) NOT NULL,
  `description` text NOT NULL,
  `picture` varchar(128) NOT NULL
) ENGINE=InnoDB DEFAULT CHARSET=utf8mb4 COLLATE=utf8mb4_general_ci;

--
-- Dumping data for table `product`
--

INSERT INTO `product` (`product_id`, `name`, `category`, `description`, `picture`) VALUES
(5, 'Chocolate Ice Cream', 10, 'Ice Cream made with chocolate.', '6458380b77a44.jpg');

-- --------------------------------------------------------

--
-- Table structure for table `product_quantity`
--

DROP TABLE IF EXISTS `product_quantity`;
CREATE TABLE `product_quantity` (
  `pq_id` int(11) NOT NULL,
  `product_id` int(11) NOT NULL,
  `produced_date` date NOT NULL,
  `expired_date` date NOT NULL,
  `quantity` int(11) NOT NULL,
  `price` float NOT NULL
) ENGINE=InnoDB DEFAULT CHARSET=utf8mb4 COLLATE=utf8mb4_general_ci;

-- --------------------------------------------------------

--
-- Table structure for table `profile`
--

DROP TABLE IF EXISTS `profile`;
CREATE TABLE `profile` (
  `user_id` int(11) NOT NULL,
  `first_name` varchar(50) NOT NULL,
  `middle_name` varchar(50) NOT NULL,
  `last_name` varchar(50) NOT NULL,
  `email` varchar(80) NOT NULL,
  `phone_number` varchar(10) NOT NULL,
  `status` varchar(8) NOT NULL
) ENGINE=InnoDB DEFAULT CHARSET=utf8mb4 COLLATE=utf8mb4_general_ci;

--
-- Dumping data for table `profile`
--

INSERT INTO `profile` (`user_id`, `first_name`, `middle_name`, `last_name`, `email`, `phone_number`, `status`) VALUES
(2, 'Nicole', '', 'Bautista', 'nicole@gmail.com', '5141234567', 'active'),
(3, 'Deven', '', 'Patel', 'deven@gmail.com', '5141234567', 'active'),
(4, 'Rachelle', 'Secret', 'Badua', 'rachelle@gmail.com', '5141234567', 'active'),
(5, 'Mubeen', 'Academy', 'Khan', 'mubeen@email.com', '5141234567', 'active');

-- --------------------------------------------------------

--
-- Table structure for table `recipe`
--

DROP TABLE IF EXISTS `recipe`;
CREATE TABLE `recipe` (
  `recipe_id` int(11) NOT NULL,
  `title` varchar(50) NOT NULL,
  `description` text NOT NULL,
  `picture` varchar(128) NOT NULL
) ENGINE=InnoDB DEFAULT CHARSET=utf8mb4 COLLATE=utf8mb4_general_ci;

-- --------------------------------------------------------

--
-- Table structure for table `user`
--

DROP TABLE IF EXISTS `user`;
CREATE TABLE `user` (
  `user_id` int(11) NOT NULL,
  `user_type` varchar(12) NOT NULL,
  `username` varchar(50) NOT NULL,
  `password_hash` varchar(72) NOT NULL,
  `secret_key` varchar(20) DEFAULT NULL
) ENGINE=InnoDB DEFAULT CHARSET=utf8mb4 COLLATE=utf8mb4_general_ci;

--
-- Dumping data for table `user`
--

INSERT INTO `user` (`user_id`, `user_type`, `username`, `password_hash`, `secret_key`) VALUES
(1, 'itspecialist', 'itspecialist', '$2y$10$RUJd5d.C02znWlNyzZeGgOasNkkvXrwV.lr3p2V5BWAHQD4Px4GG2', NULL),
(2, 'admin', 'Nicole', '$2y$10$MM.fKeE0SWVsfdj1K8ZHru1/qkqX8u8EV1.xCqBragA/EkqGZSW8q', NULL),
(3, 'admin', 'Deven', '$2y$10$zaiI4rIJ3ZEMVkzGOtTLIuTuu3usc8/QLJq3.c.EbsTXo6KoLyPg.', NULL),
(4, 'employee', 'Rachelle', '$2y$10$dPLEgTN9QKC5E3Z6u/IYN./YsL07/aG/MSS1XAfEYNyH/lrLGcVf.', NULL),
(5, 'employee', 'employee', '$2y$10$Ll3.loOOb8rS9YkBPuvUrOH30lpPpgZTRZ.qpD6ixn4BhkjCEcH9.', NULL);

--
-- Indexes for dumped tables
--

--
-- Indexes for table `category`
--
ALTER TABLE `category`
  ADD PRIMARY KEY (`category_id`);

--
-- Indexes for table `ingredient`
--
ALTER TABLE `ingredient`
  ADD PRIMARY KEY (`ingredient_id`),
  ADD KEY `treshold_to_ingredient` (`category`);

--
-- Indexes for table `ingredient_quantity`
--
ALTER TABLE `ingredient_quantity`
  ADD PRIMARY KEY (`iq_id`),
  ADD KEY `inquantity_to_ingredient` (`ingredient_id`);

--
-- Indexes for table `message`
--
ALTER TABLE `message`
  ADD PRIMARY KEY (`message_id`);

--
-- Indexes for table `notification`
--
ALTER TABLE `notification`
  ADD PRIMARY KEY (`notify_id`);

--
-- Indexes for table `product`
--
ALTER TABLE `product`
  ADD PRIMARY KEY (`product_id`),
  ADD KEY `treshold_to_product` (`category`);

--
-- Indexes for table `product_quantity`
--
ALTER TABLE `product_quantity`
  ADD PRIMARY KEY (`pq_id`),
  ADD KEY `pro quantity_to_product` (`product_id`);

--
-- Indexes for table `profile`
--
ALTER TABLE `profile`
  ADD PRIMARY KEY (`user_id`);

--
-- Indexes for table `recipe`
--
ALTER TABLE `recipe`
  ADD PRIMARY KEY (`recipe_id`);

--
-- Indexes for table `user`
--
ALTER TABLE `user`
  ADD PRIMARY KEY (`user_id`);

--
-- AUTO_INCREMENT for dumped tables
--

--
-- AUTO_INCREMENT for table `category`
--
ALTER TABLE `category`
  MODIFY `category_id` int(11) NOT NULL AUTO_INCREMENT, AUTO_INCREMENT=20;

--
-- AUTO_INCREMENT for table `ingredient`
--
ALTER TABLE `ingredient`
  MODIFY `ingredient_id` int(11) NOT NULL AUTO_INCREMENT, AUTO_INCREMENT=17;

--
-- AUTO_INCREMENT for table `ingredient_quantity`
--
ALTER TABLE `ingredient_quantity`
  MODIFY `iq_id` int(11) NOT NULL AUTO_INCREMENT, AUTO_INCREMENT=10;

--
-- AUTO_INCREMENT for table `message`
--
ALTER TABLE `message`
  MODIFY `message_id` int(11) NOT NULL AUTO_INCREMENT, AUTO_INCREMENT=22;

--
-- AUTO_INCREMENT for table `notification`
--
ALTER TABLE `notification`
  MODIFY `notify_id` int(11) NOT NULL AUTO_INCREMENT;

--
-- AUTO_INCREMENT for table `product`
--
ALTER TABLE `product`
  MODIFY `product_id` int(11) NOT NULL AUTO_INCREMENT, AUTO_INCREMENT=6;

--
-- AUTO_INCREMENT for table `product_quantity`
--
ALTER TABLE `product_quantity`
  MODIFY `pq_id` int(11) NOT NULL AUTO_INCREMENT, AUTO_INCREMENT=2;

--
-- AUTO_INCREMENT for table `recipe`
--
ALTER TABLE `recipe`
  MODIFY `recipe_id` int(11) NOT NULL AUTO_INCREMENT, AUTO_INCREMENT=2;

--
-- AUTO_INCREMENT for table `user`
--
ALTER TABLE `user`
  MODIFY `user_id` int(11) NOT NULL AUTO_INCREMENT, AUTO_INCREMENT=19;

--
-- Constraints for dumped tables
--

--
-- Constraints for table `ingredient`
--
ALTER TABLE `ingredient`
  ADD CONSTRAINT `category_to_ingredient` FOREIGN KEY (`category`) REFERENCES `category` (`category_id`);

--
-- Constraints for table `ingredient_quantity`
--
ALTER TABLE `ingredient_quantity`
  ADD CONSTRAINT `inquantity_to_ingredient` FOREIGN KEY (`ingredient_id`) REFERENCES `ingredient` (`ingredient_id`) ON DELETE CASCADE ON UPDATE CASCADE;

--
-- Constraints for table `product`
--
ALTER TABLE `product`
  ADD CONSTRAINT `category_to_product` FOREIGN KEY (`category`) REFERENCES `category` (`category_id`);

--
-- Constraints for table `product_quantity`
--
ALTER TABLE `product_quantity`
  ADD CONSTRAINT `pro quantity_to_product` FOREIGN KEY (`product_id`) REFERENCES `product` (`product_id`) ON DELETE CASCADE ON UPDATE CASCADE;

--
-- Constraints for table `profile`
--
ALTER TABLE `profile`
  ADD CONSTRAINT `profile_to_user` FOREIGN KEY (`user_id`) REFERENCES `user` (`user_id`);
COMMIT;

/*!40101 SET CHARACTER_SET_CLIENT=@OLD_CHARACTER_SET_CLIENT */;
/*!40101 SET CHARACTER_SET_RESULTS=@OLD_CHARACTER_SET_RESULTS */;
/*!40101 SET COLLATION_CONNECTION=@OLD_COLLATION_CONNECTION */;
